{
  "name": "siyuan-media-player",
  "author": "mm-o",
  "url": "https://github.com/mm-o/siyuan-media-player",
  "version": "0.4.3",
  "minAppVersion": "3.0.12",
  "backends": [
    "windows",
    "linux",
    "darwin",
    "ios",
    "android",
    "harmony",
    "docker",
    "darwin"
  ],
  "frontends": [
    "desktop",
    "mobile",
    "browser-desktop",
    "browser-mobile",
    "desktop-window"
  ],
  "displayName": {
    "en_US": "SiYuan Media Player",
    "zh_CN": "思源媒体播放器"
  },
  "description": {
    "en_US": "A comprehensive media player for SiYuan Note that supports audio, video, and Bilibili playback with timestamped jumps, loop segments, and playlist management",
    "zh_CN": "一个用来在思源笔记中实现视频、音频、B站视频播放，支持时间点跳转、片段循环和播放列表管理的媒体播放器插件"
  },
  "readme": {
    "en_US": "README.md",
    "zh_CN": "README_zh_CN.md"
  },
  "funding": {
    "custom": [
      "https://745201.xyz/pay.jpg"
    ]
  },
  "keywords": [
    "media player",
    "audio",
    "video",
    "播放器",
    "音频",
    "视频"
  ],
  "css": {
    "themes": [
      "theme.css"
    ]
  }
}