<?xml version="1.0" encoding="UTF-8"?>
<i>
<d p="0,1,25,ffffff,0,0,0,0">欢迎使用思源播放器</d>
<d p="1.5,1,25,ff0000,0,0,0,0">弹幕功能已启用</d>
<d p="3,1,25,00ff00,0,0,0,0">支持B站弹幕格式</d>
<d p="4.5,1,25,0000ff,0,0,0,0">这是一条滚动弹幕</d>
<d p="6,4,25,ffff00,0,0,0,0">这是底部弹幕</d>
<d p="7.5,5,25,ff00ff,0,0,0,0">这是顶部弹幕</d>
<d p="9,1,30,00ffff,0,0,0,0">可以调整弹幕大小</d>
<d p="10.5,1,25,ffffff,0,0,0,0">也可以调整弹幕颜色</d>
<d p="12,1,25,cccccc,0,0,0,0">思源播放器真好用</d>
<d p="13.5,1,25,aaaaaa,0,0,0,0">欢迎体验弹幕功能</d>
</i> 